{"episode": 499, "queue length": 0.2863888888888889, "loss": 0.04554855823516846, "wait time": 23.685, "reward": -5.396917480816733e-19, "_timestamp": 1716287371.3469427, "_runtime": 12393.879478693008, "_step": 499}