{"episode": 57, "epsilon": 0.5582661385478638, "queue length": 19.488888888888887, "loss": 8.64586353302002, "wait time": 2401.222222222222, "reward": 0.10517056475953522, "max Q-value": 1028.6732177734375, "_timestamp": 1716181226.688967, "_runtime": 2434.410096883774, "_step": 57, "_wandb": {"runtime": 2462}}