{"episode": 8, "epsilon": 0.9135172474836407, "queue length": 0.4697222222222222, "loss": 0.4676859676837921, "wait time": 46.780277777777776, "reward": -0.09849845482526098, "max Q-value": -3.218010187149048, "_timestamp": 1715592001.0287752, "_runtime": 1832.3931441307068, "_step": 8, "_wandb": {"runtime": 2803}}