{"episode": 12, "epsilon": 0.8775210229989678, "queue length": 0.5933333333333334, "loss": 260636.640625, "wait time": 63.05888888888889, "reward": 0.0, "_timestamp": 1716215338.7730844, "_runtime": 331.82107734680176, "_step": 12, "_wandb": {"runtime": 351}}