{"episode": 27, "queue length": 1.3433333333333333, "loss": 19.020605087280273, "wait time": 192.7122222222222, "reward": -0.43315287438772077, "wait time W": 79.59388888888888, "wait time N": 15.881388888888889, "wait time E": 59.63944444444444, "wait time S": 37.5975, "_timestamp": 1711947608.3436527, "_runtime": 2215.796295642853, "_step": 27, "_wandb": {"runtime": 2238}}