{"episode": 999, "queue length": 0.2936111111111111, "loss": 0.17038074135780334, "wait time": 28.811944444444446, "reward": -0.049810648372847474, "max Q-value": -100, "_timestamp": 1712835524.063246, "_runtime": 17692.22427201271, "_step": 999, "_wandb": {"runtime": 17692}}