{"episode": 499, "queue length": 0.29333333333333333, "loss": 0.9494067430496216, "wait time": 27.81888888888889, "reward": -0.04923526408247217, "max Q-value": -100, "_timestamp": 1715265556.625792, "_runtime": 108256.74411201477, "_step": 499, "_wandb": {"runtime": 108257}}