{"episode": 192, "queue length": 0.8566666666666667, "loss": 1.6340917348861694, "wait time": 94.6525, "reward": -0.025431845319115905, "wait time W": 39.76111111111111, "wait time N": 14.905833333333334, "wait time E": 25.880277777777778, "wait time S": 14.105277777777777, "_timestamp": 1712058821.6975214, "_runtime": 9495.190558433533, "_step": 192, "_wandb": {"runtime": 9557}}