{"episode": 2, "queue length": 0.9777777777777777, "loss": 1.7716050148010254, "wait time": 77.896, "reward": -8.928043489693967e-18, "_timestamp": 1716292427.3415513, "_runtime": 117.75254130363464, "_step": 2, "_wandb": {"runtime": 137}}