{"episode": 499, "epsilon": 0.1, "queue length": 0.2544444444444444, "loss": 12182.5361328125, "wait time": 7.743611111111111, "reward": 0.0, "_timestamp": 1716228286.8581386, "_runtime": 12217.456410646439, "_step": 499, "_wandb": {"runtime": 12216}}