{"episode": 42, "queue length": 1.2358333333333333, "loss": 8.278987884521484, "wait time": 167.50222222222223, "reward": -0.4265642138790003, "_timestamp": 1711351471.6328087, "_runtime": 2965.886607646942, "_step": 42, "_wandb": {"runtime": 3043}}