{"episode": 74, "epsilon": 0.852, "queue length": 0.9766666666666667, "loss": 2876970.5, "wait time": 78.945, "reward": -107.81805555555556, "_timestamp": 1716305360.5559266, "_runtime": 2735.0681896209717, "_step": 74, "_wandb": {"runtime": 2768}}