{"episode": 314, "queue length": 0.8144444444444444, "loss": 0.49109309911727905, "wait time": 94.22305555555556, "reward": -0.013245021809436907, "wait time W": 18.273055555555555, "wait time N": 16.764722222222222, "wait time E": 17.176388888888887, "wait time S": 42.00888888888889, "_timestamp": 1712049210.6418946, "_runtime": 21575.50849056244, "_step": 314, "_wandb": {"runtime": 21651}}