{"episode": 0, "queue length": 2.1222222222222222, "loss": 7.762323379516602, "wait time": 117.681, "reward": -0.00041388888888888785, "_timestamp": 1716292142.3457532, "_runtime": 73.94237613677979, "_step": 0, "_wandb": {"runtime": 147}}