{"episode": 360, "queue length": 0.3522222222222222, "loss": 0.05906638503074646, "wait time": 33.51083333333333, "reward": -0.06175858098115927, "max Q-value": -100, "_timestamp": 1715584929.106606, "_runtime": 73538.76305890083, "_step": 360, "_wandb": {"runtime": 73596}}