{"episode": 499, "queue length": 0.25083333333333335, "loss": 0.3541208505630493, "wait time": 20.49972222222222, "reward": -0.03853617369886067, "max Q-value": -100, "_timestamp": 1715411108.62603, "_runtime": 101826.57302904129, "_step": 499, "_wandb": {"runtime": 101816}}