{"episode": 15, "epsilon": 0.8514577710948754, "queue length": 0.4825, "loss": 424379.875, "wait time": 50.07388888888889, "reward": 0.0, "_timestamp": 1716214388.3766396, "_runtime": 409.0750296115875, "_step": 15, "_wandb": {"runtime": 431}}