{"episode": 20, "queue length": 1.2886111111111112, "loss": 0.8183518648147583, "wait time": 180.38194444444446, "reward": -0.2727483476970195, "max Q-value": -100, "_timestamp": 1715757669.0367324, "_runtime": 636.7325325012207, "_step": 20, "_wandb": {"runtime": 638}}