{"episode": 0, "queue length": 0.7872222222222223, "loss": 7.033873558044434, "wait time": 74.18111111111111, "reward": -0.15812041227312496, "max Q-value": -100, "_timestamp": 1712772283.2865078, "_runtime": 27.976431846618652, "_step": 0, "_wandb": {"runtime": 39}}