{"episode": 1, "queue length": 1.3502777777777777, "loss": 1.9027495384216309, "wait time": 171.02527777777777, "reward": -0.029806030991694373, "wait time W": 70.4325, "wait time N": 25.255277777777778, "wait time E": 21.197777777777777, "wait time S": 54.139722222222225, "_timestamp": 1712027510.0141575, "_runtime": 106.27797842025757, "_step": 1, "_wandb": {"runtime": 115}}