{"episode": 32, "epsilon": 0.7177305325982748, "queue length": 0.21555555555555556, "loss": 0.4315289556980133, "wait time": 12.110555555555555, "reward": -0.04520371454486668, "max Q-value": -0.3698292374610901, "_timestamp": 1716168956.6153007, "_runtime": 25761.121866703033, "_step": 32, "_wandb": {"runtime": 25776}}