{"episode": 89, "epsilon": 0.8220000000000001, "queue length": 0.8141666666666667, "loss": 5705271.5, "wait time": 71.568, "reward": -86.17388888888888, "_timestamp": 1716298553.3688867, "_runtime": 3258.6349296569824, "_step": 89, "_wandb": {"runtime": 3291}}