{"episode": 449, "queue length": 0.25527777777777777, "loss": 1.6175847053527832, "wait time": 21.965555555555557, "reward": -0.03990387425831598, "max Q-value": -100, "_timestamp": 1715153421.654963, "_runtime": 92818.05186510086, "_step": 449, "_wandb": {"runtime": 92986}}