{"episode": 14, "queue length": 1.2397222222222222, "loss": 2.6154439449310303, "wait time": 153.19555555555556, "reward": -0.42949009617629963, "wait time W": 745.0163888888889, "wait time N": 407.18888888888887, "wait time E": 489.5, "wait time S": 830.5516666666666, "_timestamp": 1711360104.3582673, "_runtime": 4236.31765627861, "_step": 14, "_wandb": {"runtime": 4277}}