{"episode": 1, "epsilon": 0.9801, "queue length": 14.844444444444445, "loss": 2.2368264198303223, "wait time": 1181.0111111111112, "reward": 0.1257443716116037, "max Q-value": 6.724887847900391, "_timestamp": 1716169600.4040332, "_runtime": 53.142123222351074, "_step": 1, "_wandb": {"runtime": 59}}