{"episode": 148, "queue length": 1.1883333333333332, "loss": 21.979732513427734, "wait time": 219.37833333333333, "reward": -0.41017649767248926, "wait time W": 131.93277777777777, "wait time N": 33.27611111111111, "wait time E": 25.293055555555554, "wait time S": 28.87638888888889, "_timestamp": 1711455586.5326734, "_runtime": 33253.866619348526, "_step": 148, "_wandb": {"runtime": 33287}}