{"episode": 499, "queue length": 0.24583333333333332, "loss": 0.6158684492111206, "wait time": 22.296944444444446, "reward": -0.0391336194058464, "max Q-value": -100, "_timestamp": 1712782065.2152047, "_runtime": 9739.960245609283, "_step": 499, "_wandb": {"runtime": 9740}}