{"episode": 0, "queue length": 0.9463888888888888, "loss": 8.863990783691406, "wait time": 144.78083333333333, "reward": -0.19578577683758297, "max Q-value": -100, "_timestamp": 1712772133.003709, "_runtime": 26.409739017486572, "_step": 0, "_wandb": {"runtime": 27}}