{"episode": 16, "queue length": 0.9622222222222222, "loss": 3.3754515647888184, "wait time": 107.20222222222222, "reward": -0.1984852555242793, "max Q-value": -100, "_timestamp": 1715059666.3019254, "_runtime": 429.65166449546814, "_step": 16, "_wandb": {"runtime": 433}}