{"episode": 9, "queue length": 1.5702777777777779, "loss": 74.55029296875, "wait time": 102.588, "reward": -2.120966666666669, "_timestamp": 1716295181.5312057, "_runtime": 391.85462760925293, "_step": 9, "_wandb": {"runtime": 408}}