{"episode": 293, "queue length": 0.5391666666666667, "loss": 0.036541055887937546, "wait time": 50.431111111111115, "reward": -0.002301046166910974, "wait time W": 14.222222222222221, "wait time N": 13.433055555555555, "wait time E": 12.320833333333333, "wait time S": 10.455, "_timestamp": 1712027303.9121847, "_runtime": 75123.74912881851, "_step": 293, "_wandb": {"runtime": 75170}}