{"episode": 124, "queue length": 0.8438888888888889, "loss": 31.750492095947266, "wait time": 94.35472222222222, "reward": -0.295545105640727, "wait time W": 26.545833333333334, "wait time N": 27.711944444444445, "wait time E": 18.54388888888889, "wait time S": 21.553055555555556, "_timestamp": 1711421938.4282827, "_runtime": 61529.83608865738, "_step": 124, "_wandb": {"runtime": 61556}}