{"episode": 268, "epsilon": 0.1, "queue length": 0.41, "loss": 4671.64208984375, "wait time": 31.586666666666666, "reward": 5.127071606775897e-18, "_timestamp": 1716197273.278016, "_runtime": 9849.249972105026, "_step": 268, "_wandb": {"runtime": 9855}}