{"episode": 499, "queue length": 0.24972222222222223, "loss": 2.325406312942505, "wait time": 21.9525, "reward": -0.03892419534570045, "max Q-value": -100, "_timestamp": 1715685672.5905418, "_runtime": 100381.62476372719, "_step": 499, "_wandb": {"runtime": 100381}}