{"episode": 224, "queue length": 0.5111111111111111, "loss": 1.6930885314941406, "wait time": 48.92472222222222, "reward": -0.09844507701521722, "max Q-value": -100, "_timestamp": 1715059025.7590256, "_runtime": 5610.0578944683075, "_step": 224, "_wandb": {"runtime": 5631}}