{"episode": 12, "queue length": 0.9458333333333333, "loss": 28.185283660888672, "wait time": 76.337, "reward": -1.0165166666666674, "_timestamp": 1716292977.7107587, "_runtime": 497.3204736709595, "_step": 12, "_wandb": {"runtime": 532}}