{"episode": 999, "queue length": 12.196388888888889, "loss": 96.10343170166016, "wait time": 6976.665277777778, "reward": -2.7583186739644647, "max Q-value": -100, "_timestamp": 1712967169.869424, "_runtime": 84234.90138721466, "_step": 999, "_wandb": {"runtime": 84235}}