{"episode": 46, "epsilon": 0.6235253948912, "queue length": 14.88888888888889, "loss": 2.3621397018432617, "wait time": 1357.4, "reward": -0.15683173887058097, "max Q-value": 261.528076171875, "_timestamp": 1716183701.0382657, "_runtime": 2175.033071756363, "_step": 46, "_wandb": {"runtime": 2253}}