{"epsilon": 0.9984012793176064, "episode": 16, "queue length": 0.07196235815112095, "loss": 54.117454528808594, "wait time": 7.968170495433158, "reward": -0.015262176150848178, "max Q-value": -100, "_timestamp": 1715245120.7900038, "_runtime": 143.04229283332825, "_step": 16, "_wandb": {"runtime": 144}}