{"episode": 8, "queue length": 1.0786111111111112, "loss": 0.2749941647052765, "wait time": 127.05888888888889, "reward": -0.22444513913188602, "max Q-value": -100, "_timestamp": 1715157076.8827035, "_runtime": 1502.5334146022797, "_step": 8, "_wandb": {"runtime": 1541}}