{"episode": 312, "epsilon": 0.1, "queue length": 0.5847222222222223, "loss": 0.3562915325164795, "wait time": 65.79083333333334, "reward": -0.1236128620779201, "max Q-value": -24.02172088623047, "_timestamp": 1715650758.3290186, "_runtime": 57737.06299948692, "_step": 312, "_wandb": {"runtime": 57814}}