{"episode": 499, "epsilon": 0.0020000000000000018, "queue length": 0.2997222222222222, "loss": 368691.3125, "wait time": 51.782, "reward": -25.281111111111112, "_timestamp": 1716324129.7328978, "_runtime": 16990.24599671364, "_step": 499}