{"episode": 98, "epsilon": 0.36972963764972655, "queue length": 11.44943820224719, "loss": 118.04557800292969, "wait time": 813.3820224719101, "reward": 0.11443331735077619, "max Q-value": 18984.333984375, "_timestamp": 1716178630.2509596, "_runtime": 8994.904490709305, "_step": 98, "_wandb": {"runtime": 9006}}