{"episode": 10, "queue length": 1.158611111111111, "loss": 4.595292091369629, "wait time": 136.30027777777778, "reward": -0.3714936488734685, "wait time W": 30.179166666666667, "wait time N": 29.654444444444444, "wait time E": 45.460277777777776, "wait time S": 31.00638888888889, "fairness": 0.5625, "_timestamp": 1711948673.373573, "_runtime": 706.5156660079956, "_step": 10, "_wandb": {"runtime": 762}}