{"episode": 95, "queue length": 1.3377777777777777, "loss": 0.8689588308334351, "wait time": 136.00555555555556, "reward": -0.2775660712177095, "max Q-value": -100, "_timestamp": 1715006198.4308891, "_runtime": 4307.583087205887, "_step": 95, "_wandb": {"runtime": 4330}}