{"episode": 1, "queue length": 1.093611111111111, "loss": 11.11409854888916, "wait time": 128.29916666666668, "reward": -0.37973383851291587, "wait time W": 61.31444444444445, "wait time N": 42.85, "wait time E": 37.91916666666667, "wait time S": 89.95388888888888, "_timestamp": 1711360355.0441897, "_runtime": 101.44950366020203, "_step": 1, "_wandb": {"runtime": 134}}